video,part,label,label_str,family
abmjszfycr.mp4,dfdc_train_part_02,0,REAL,abmjszfycr.mp4
ctjewcqxee.mp4,dfdc_train_part_02,1,FAKE,abmjszfycr.mp4
adohdulfwb.mp4,dfdc_train_part_02,0,REAL,adohdulfwb.mp4
ohtgaalrue.mp4,dfdc_train_part_02,1,FAKE,adohdulfwb.mp4
ajiyrjfyzp.mp4,dfdc_train_part_02,0,REAL,ajiyrjfyzp.mp4
ctsxxraruc.mp4,dfdc_train_part_02,1,FAKE,ajiyrjfyzp.mp4
aoallgteyc.mp4,dfdc_train_part_02,1,FAKE,ajiyrjfyzp.mp4
kqbtuywibk.mp4,dfdc_train_part_02,1,FAKE,ajiyrjfyzp.mp4
jhjghxwhep.mp4,dfdc_train_part_02,1,FAKE,ajiyrjfyzp.mp4
htsicgwcfb.mp4,dfdc_train_part_02,1,FAKE,ajiyrjfyzp.mp4
akrubjfzzc.mp4,dfdc_train_part_02,0,REAL,akrubjfzzc.mp4
sxjybmxvms.mp4,dfdc_train_part_02,1,FAKE,akrubjfzzc.mp4
auiyaoncks.mp4,dfdc_train_part_02,0,REAL,auiyaoncks.mp4
axyczuqmyl.mp4,dfdc_train_part_02,1,FAKE,auiyaoncks.mp4
ayipraspbn.mp4,dfdc_train_part_02,0,REAL,ayipraspbn.mp4
eoavcmopsy.mp4,dfdc_train_part_02,1,FAKE,ayipraspbn.mp4
shqrlgxpnm.mp4,dfdc_train_part_02,1,FAKE,ayipraspbn.mp4
csflwluoeb.mp4,dfdc_train_part_02,1,FAKE,ayipraspbn.mp4
recwvyhtgu.mp4,dfdc_train_part_02,1,FAKE,ayipraspbn.mp4
puntestxix.mp4,dfdc_train_part_02,1,FAKE,ayipraspbn.mp4
bckjuzbabv.mp4,dfdc_train_part_02,0,REAL,bckjuzbabv.mp4
lmqpkvjpru.mp4,dfdc_train_part_02,1,FAKE,bckjuzbabv.mp4
bfajruognp.mp4,dfdc_train_part_02,0,REAL,bfajruognp.mp4
jzzcskarto.mp4,dfdc_train_part_02,1,FAKE,bfajruognp.mp4
bfdopzvxbi.mp4,dfdc_train_part_02,0,REAL,bfdopzvxbi.mp4
vzzkunmkkl.mp4,dfdc_train_part_02,1,FAKE,bfdopzvxbi.mp4
bhbdbhcqlh.mp4,dfdc_train_part_02,0,REAL,bhbdbhcqlh.mp4
woxyzsfoyv.mp4,dfdc_train_part_02,1,FAKE,bhbdbhcqlh.mp4
bdeouczrwb.mp4,dfdc_train_part_02,1,FAKE,bhbdbhcqlh.mp4
wtooqmfqsq.mp4,dfdc_train_part_02,1,FAKE,bhbdbhcqlh.mp4
qilkmlkovm.mp4,dfdc_train_part_02,1,FAKE,bhbdbhcqlh.mp4
bixvunsrsj.mp4,dfdc_train_part_02,0,REAL,bixvunsrsj.mp4
cmvncstbkx.mp4,dfdc_train_part_02,1,FAKE,bixvunsrsj.mp4
udbsdiyrus.mp4,dfdc_train_part_02,1,FAKE,bixvunsrsj.mp4
qlslomuczb.mp4,dfdc_train_part_02,1,FAKE,bixvunsrsj.mp4
bqrqgidhyk.mp4,dfdc_train_part_02,1,FAKE,bixvunsrsj.mp4
tybhacjkty.mp4,dfdc_train_part_02,1,FAKE,bixvunsrsj.mp4
blnmxntbey.mp4,dfdc_train_part_02,0,REAL,blnmxntbey.mp4
bjorshdgjo.mp4,dfdc_train_part_02,1,FAKE,blnmxntbey.mp4
caaackoecr.mp4,dfdc_train_part_02,0,REAL,caaackoecr.mp4
zewluzlkbe.mp4,dfdc_train_part_02,1,FAKE,caaackoecr.mp4
cekarydqba.mp4,dfdc_train_part_02,0,REAL,cekarydqba.mp4
dywxefvgfi.mp4,dfdc_train_part_02,1,FAKE,cekarydqba.mp4
xpptxuvpqm.mp4,dfdc_train_part_02,1,FAKE,cekarydqba.mp4
qjuhejzyeq.mp4,dfdc_train_part_02,1,FAKE,cekarydqba.mp4
kpwhjcpkhg.mp4,dfdc_train_part_02,1,FAKE,cekarydqba.mp4
cugqzibkas.mp4,dfdc_train_part_02,1,FAKE,cekarydqba.mp4
czfqlbcfpa.mp4,dfdc_train_part_02,0,REAL,czfqlbcfpa.mp4
ammowfdpae.mp4,dfdc_train_part_02,1,FAKE,czfqlbcfpa.mp4
dajebuxaez.mp4,dfdc_train_part_02,0,REAL,dajebuxaez.mp4
egxdgjsilw.mp4,dfdc_train_part_02,1,FAKE,dajebuxaez.mp4
dnmowthjcj.mp4,dfdc_train_part_02,0,REAL,dnmowthjcj.mp4
wcogqdnaru.mp4,dfdc_train_part_02,1,FAKE,dnmowthjcj.mp4
kpvvdydcev.mp4,dfdc_train_part_02,1,FAKE,dnmowthjcj.mp4
ycqxwzrorr.mp4,dfdc_train_part_02,1,FAKE,dnmowthjcj.mp4
qwkmfcrcxm.mp4,dfdc_train_part_02,1,FAKE,dnmowthjcj.mp4
lpoorssrdj.mp4,dfdc_train_part_02,1,FAKE,dnmowthjcj.mp4
dpmgoiwhuf.mp4,dfdc_train_part_02,0,REAL,dpmgoiwhuf.mp4
krbdlemuzz.mp4,dfdc_train_part_02,1,FAKE,dpmgoiwhuf.mp4
dsnxgrfdmd.mp4,dfdc_train_part_02,0,REAL,dsnxgrfdmd.mp4
tlwffdhger.mp4,dfdc_train_part_02,1,FAKE,dsnxgrfdmd.mp4
dtozwcapoa.mp4,dfdc_train_part_02,0,REAL,dtozwcapoa.mp4
xhdbbnhzbq.mp4,dfdc_train_part_02,1,FAKE,dtozwcapoa.mp4
dzkyxbbqkr.mp4,dfdc_train_part_02,0,REAL,dzkyxbbqkr.mp4
wrkwebyakb.mp4,dfdc_train_part_02,1,FAKE,dzkyxbbqkr.mp4
potwhcjoor.mp4,dfdc_train_part_02,1,FAKE,dzkyxbbqkr.mp4
awgnijixvk.mp4,dfdc_train_part_02,1,FAKE,dzkyxbbqkr.mp4
snyzrpusbn.mp4,dfdc_train_part_02,1,FAKE,dzkyxbbqkr.mp4
zrzbolnrls.mp4,dfdc_train_part_02,1,FAKE,dzkyxbbqkr.mp4
dzojiwfvba.mp4,dfdc_train_part_02,0,REAL,dzojiwfvba.mp4
imuifxhtpx.mp4,dfdc_train_part_02,1,FAKE,dzojiwfvba.mp4
xlqdwwxxzb.mp4,dfdc_train_part_02,1,FAKE,dzojiwfvba.mp4
ebezansurq.mp4,dfdc_train_part_02,0,REAL,ebezansurq.mp4
xcrfebhpzf.mp4,dfdc_train_part_02,1,FAKE,ebezansurq.mp4
ebqceovwpd.mp4,dfdc_train_part_02,0,REAL,ebqceovwpd.mp4
zltamubaab.mp4,dfdc_train_part_02,1,FAKE,ebqceovwpd.mp4
roltkgcnoc.mp4,dfdc_train_part_02,1,FAKE,ebqceovwpd.mp4
lthliysdpo.mp4,dfdc_train_part_02,1,FAKE,ebqceovwpd.mp4
kuryxaqwqz.mp4,dfdc_train_part_02,1,FAKE,ebqceovwpd.mp4
ejhhokmvpe.mp4,dfdc_train_part_02,0,REAL,ejhhokmvpe.mp4
edvsrpoqyg.mp4,dfdc_train_part_02,1,FAKE,ejhhokmvpe.mp4
qbtogciltz.mp4,dfdc_train_part_02,1,FAKE,ejhhokmvpe.mp4
lfeoebiyht.mp4,dfdc_train_part_02,1,FAKE,ejhhokmvpe.mp4
fmvvmcbdrw.mp4,dfdc_train_part_02,1,FAKE,ejhhokmvpe.mp4
beyrhsvlrt.mp4,dfdc_train_part_02,1,FAKE,ejhhokmvpe.mp4
elackxuccp.mp4,dfdc_train_part_02,0,REAL,elackxuccp.mp4
lkqotnclpd.mp4,dfdc_train_part_02,1,FAKE,elackxuccp.mp4
evysmtpnrf.mp4,dfdc_train_part_02,0,REAL,evysmtpnrf.mp4
jbxlivgkll.mp4,dfdc_train_part_02,1,FAKE,evysmtpnrf.mp4
uesrhvqztn.mp4,dfdc_train_part_02,1,FAKE,evysmtpnrf.mp4
ewtygmmlsd.mp4,dfdc_train_part_02,1,FAKE,evysmtpnrf.mp4
dkszwvfwxb.mp4,dfdc_train_part_02,1,FAKE,evysmtpnrf.mp4
qxngihsrxl.mp4,dfdc_train_part_02,1,FAKE,evysmtpnrf.mp4
ezbvvongzk.mp4,dfdc_train_part_02,0,REAL,ezbvvongzk.mp4
qzexcszwqh.mp4,dfdc_train_part_02,1,FAKE,ezbvvongzk.mp4
hbpnvvuloc.mp4,dfdc_train_part_02,1,FAKE,ezbvvongzk.mp4
qcmpjhmsuf.mp4,dfdc_train_part_02,1,FAKE,ezbvvongzk.mp4
uexujmaowq.mp4,dfdc_train_part_02,1,FAKE,ezbvvongzk.mp4
owhfsgxicr.mp4,dfdc_train_part_02,1,FAKE,ezbvvongzk.mp4
fanibwbmoq.mp4,dfdc_train_part_02,0,REAL,fanibwbmoq.mp4
rhncgvckxz.mp4,dfdc_train_part_02,1,FAKE,fanibwbmoq.mp4
afovojcvgh.mp4,dfdc_train_part_02,1,FAKE,fanibwbmoq.mp4
rvjwtvplxb.mp4,dfdc_train_part_02,1,FAKE,fanibwbmoq.mp4
wmzolzkmpt.mp4,dfdc_train_part_02,1,FAKE,fanibwbmoq.mp4
qbysbsszfy.mp4,dfdc_train_part_02,1,FAKE,fanibwbmoq.mp4
fglewmddcn.mp4,dfdc_train_part_02,0,REAL,fglewmddcn.mp4
vwxednhlwz.mp4,dfdc_train_part_02,1,FAKE,fglewmddcn.mp4
yvfhtwraue.mp4,dfdc_train_part_02,1,FAKE,fglewmddcn.mp4
dzjswiqnmm.mp4,dfdc_train_part_02,1,FAKE,fglewmddcn.mp4
fhjhvdgmcq.mp4,dfdc_train_part_02,0,REAL,fhjhvdgmcq.mp4
hkhleykexb.mp4,dfdc_train_part_02,1,FAKE,fhjhvdgmcq.mp4
sanfylabug.mp4,dfdc_train_part_02,1,FAKE,fhjhvdgmcq.mp4
udhrnsnbmb.mp4,dfdc_train_part_02,1,FAKE,fhjhvdgmcq.mp4
mshtebowpn.mp4,dfdc_train_part_02,1,FAKE,fhjhvdgmcq.mp4
gsdxqkdkzu.mp4,dfdc_train_part_02,1,FAKE,fhjhvdgmcq.mp4
fjxovgmwnm.mp4,dfdc_train_part_02,0,REAL,fjxovgmwnm.mp4
nmmizonqhs.mp4,dfdc_train_part_02,1,FAKE,fjxovgmwnm.mp4
fnkdkfajak.mp4,dfdc_train_part_02,0,REAL,fnkdkfajak.mp4
bsghddlheb.mp4,dfdc_train_part_02,1,FAKE,fnkdkfajak.mp4
smzgpdtyyj.mp4,dfdc_train_part_02,1,FAKE,fnkdkfajak.mp4
hrztbthajc.mp4,dfdc_train_part_02,1,FAKE,fnkdkfajak.mp4
hxqqnbdlaj.mp4,dfdc_train_part_02,1,FAKE,fnkdkfajak.mp4
dkbhjjbmxj.mp4,dfdc_train_part_02,1,FAKE,fnkdkfajak.mp4
fqvaalcdae.mp4,dfdc_train_part_02,0,REAL,fqvaalcdae.mp4
sdibedfnep.mp4,dfdc_train_part_02,1,FAKE,fqvaalcdae.mp4
ggzjfrirjh.mp4,dfdc_train_part_02,0,REAL,ggzjfrirjh.mp4
getuajcsmb.mp4,dfdc_train_part_02,1,FAKE,ggzjfrirjh.mp4
gpsxfxrjrr.mp4,dfdc_train_part_02,0,REAL,gpsxfxrjrr.mp4
pnjzfeokjv.mp4,dfdc_train_part_02,1,FAKE,gpsxfxrjrr.mp4
hilmuaqgdw.mp4,dfdc_train_part_02,1,FAKE,gpsxfxrjrr.mp4
owlwpkwqdy.mp4,dfdc_train_part_02,1,FAKE,gpsxfxrjrr.mp4
jfcwqpuqxg.mp4,dfdc_train_part_02,1,FAKE,gpsxfxrjrr.mp4
xggpeykikx.mp4,dfdc_train_part_02,1,FAKE,gpsxfxrjrr.mp4
gqauayeamb.mp4,dfdc_train_part_02,0,REAL,gqauayeamb.mp4
ipisbnwavn.mp4,dfdc_train_part_02,1,FAKE,gqauayeamb.mp4
ijxjjxtrsi.mp4,dfdc_train_part_02,1,FAKE,gqauayeamb.mp4
yayiggnpuw.mp4,dfdc_train_part_02,1,FAKE,gqauayeamb.mp4
lwiziramni.mp4,dfdc_train_part_02,1,FAKE,gqauayeamb.mp4
grzszchajr.mp4,dfdc_train_part_02,0,REAL,grzszchajr.mp4
swowqixyuj.mp4,dfdc_train_part_02,1,FAKE,grzszchajr.mp4
goussttfgt.mp4,dfdc_train_part_02,1,FAKE,grzszchajr.mp4
epcusefpzr.mp4,dfdc_train_part_02,1,FAKE,grzszchajr.mp4
tvjrimupbc.mp4,dfdc_train_part_02,1,FAKE,grzszchajr.mp4
ytddugrwph.mp4,dfdc_train_part_02,1,FAKE,grzszchajr.mp4
gxbkcxyfjm.mp4,dfdc_train_part_02,0,REAL,gxbkcxyfjm.mp4
pfoiiepvxb.mp4,dfdc_train_part_02,1,FAKE,gxbkcxyfjm.mp4
gxqzavbulk.mp4,dfdc_train_part_02,0,REAL,gxqzavbulk.mp4
tdareickov.mp4,dfdc_train_part_02,1,FAKE,gxqzavbulk.mp4
rnyljaxyvd.mp4,dfdc_train_part_02,1,FAKE,gxqzavbulk.mp4
mvswfbqmss.mp4,dfdc_train_part_02,1,FAKE,gxqzavbulk.mp4
hierggamuo.mp4,dfdc_train_part_02,0,REAL,hierggamuo.mp4
zbpltusqqm.mp4,dfdc_train_part_02,1,FAKE,hierggamuo.mp4
hjiixnernu.mp4,dfdc_train_part_02,0,REAL,hjiixnernu.mp4
snhsvdcgpm.mp4,dfdc_train_part_02,1,FAKE,hjiixnernu.mp4
hkrhoronxv.mp4,dfdc_train_part_02,0,REAL,hkrhoronxv.mp4
fisyxjvtre.mp4,dfdc_train_part_02,1,FAKE,hkrhoronxv.mp4
rbtvfrxtou.mp4,dfdc_train_part_02,1,FAKE,hkrhoronxv.mp4
hfxvecyvmj.mp4,dfdc_train_part_02,1,FAKE,hkrhoronxv.mp4
ymldbifpdy.mp4,dfdc_train_part_02,1,FAKE,hkrhoronxv.mp4
ayfjanopir.mp4,dfdc_train_part_02,1,FAKE,hkrhoronxv.mp4
htzbnroagi.mp4,dfdc_train_part_02,0,REAL,htzbnroagi.mp4
pvysivcqdd.mp4,dfdc_train_part_02,1,FAKE,htzbnroagi.mp4
qpgxiukrbf.mp4,dfdc_train_part_02,1,FAKE,htzbnroagi.mp4
jegqwgnmql.mp4,dfdc_train_part_02,1,FAKE,htzbnroagi.mp4
pkjmvgitrm.mp4,dfdc_train_part_02,1,FAKE,htzbnroagi.mp4
kemtbmrfkf.mp4,dfdc_train_part_02,1,FAKE,htzbnroagi.mp4
ihglzxzroo.mp4,dfdc_train_part_02,0,REAL,ihglzxzroo.mp4
binribybof.mp4,dfdc_train_part_02,1,FAKE,ihglzxzroo.mp4
ijptktlyfr.mp4,dfdc_train_part_02,0,REAL,ijptktlyfr.mp4
eeyomeqcox.mp4,dfdc_train_part_02,1,FAKE,ijptktlyfr.mp4
mvuyaxaefk.mp4,dfdc_train_part_02,1,FAKE,ijptktlyfr.mp4
mpwtgbufwm.mp4,dfdc_train_part_02,1,FAKE,ijptktlyfr.mp4
gisfmijhfw.mp4,dfdc_train_part_02,1,FAKE,ijptktlyfr.mp4
sckgpvbzpc.mp4,dfdc_train_part_02,1,FAKE,ijptktlyfr.mp4
ijvprklcmz.mp4,dfdc_train_part_02,0,REAL,ijvprklcmz.mp4
zktfvbaupk.mp4,dfdc_train_part_02,1,FAKE,ijvprklcmz.mp4
iksxzpqxzi.mp4,dfdc_train_part_02,0,REAL,iksxzpqxzi.mp4
izhfkxysto.mp4,dfdc_train_part_02,1,FAKE,iksxzpqxzi.mp4
oqejtxqvhp.mp4,dfdc_train_part_02,1,FAKE,iksxzpqxzi.mp4
vimegooaqs.mp4,dfdc_train_part_02,1,FAKE,iksxzpqxzi.mp4
vceglrzmit.mp4,dfdc_train_part_02,1,FAKE,iksxzpqxzi.mp4
vkqivxnett.mp4,dfdc_train_part_02,1,FAKE,iksxzpqxzi.mp4
ilqwcbprqa.mp4,dfdc_train_part_02,0,REAL,ilqwcbprqa.mp4
jtuiddncpo.mp4,dfdc_train_part_02,1,FAKE,ilqwcbprqa.mp4
fqgypsunzr.mp4,dfdc_train_part_02,1,FAKE,ilqwcbprqa.mp4
rvyvuuvdxs.mp4,dfdc_train_part_02,1,FAKE,ilqwcbprqa.mp4
foftbpkdev.mp4,dfdc_train_part_02,1,FAKE,ilqwcbprqa.mp4
iorbtaarte.mp4,dfdc_train_part_02,0,REAL,iorbtaarte.mp4
dbyfoksnlh.mp4,dfdc_train_part_02,1,FAKE,iorbtaarte.mp4
irqzdokcws.mp4,dfdc_train_part_02,0,REAL,irqzdokcws.mp4
yirhsptlko.mp4,dfdc_train_part_02,1,FAKE,irqzdokcws.mp4
ixzkhxrmka.mp4,dfdc_train_part_02,0,REAL,ixzkhxrmka.mp4
zsormhyuwd.mp4,dfdc_train_part_02,1,FAKE,ixzkhxrmka.mp4
jfvhokkzmq.mp4,dfdc_train_part_02,0,REAL,jfvhokkzmq.mp4
mqyqjzccao.mp4,dfdc_train_part_02,1,FAKE,jfvhokkzmq.mp4
woahqydkcl.mp4,dfdc_train_part_02,1,FAKE,jfvhokkzmq.mp4
jiswxuqzyz.mp4,dfdc_train_part_02,0,REAL,jiswxuqzyz.mp4
cbtcwfzudb.mp4,dfdc_train_part_02,1,FAKE,jiswxuqzyz.mp4
jjycletzyl.mp4,dfdc_train_part_02,0,REAL,jjycletzyl.mp4
mxzuznbuki.mp4,dfdc_train_part_02,1,FAKE,jjycletzyl.mp4
phbicwxpar.mp4,dfdc_train_part_02,1,FAKE,jjycletzyl.mp4
dswaxbhfgs.mp4,dfdc_train_part_02,1,FAKE,jjycletzyl.mp4
niypamicvn.mp4,dfdc_train_part_02,1,FAKE,jjycletzyl.mp4
jkonwkrhqp.mp4,dfdc_train_part_02,0,REAL,jkonwkrhqp.mp4
olxuxttfce.mp4,dfdc_train_part_02,1,FAKE,jkonwkrhqp.mp4
zzsvsjkcva.mp4,dfdc_train_part_02,1,FAKE,jkonwkrhqp.mp4
jtafajtmpv.mp4,dfdc_train_part_02,0,REAL,jtafajtmpv.mp4
knceeulwam.mp4,dfdc_train_part_02,1,FAKE,jtafajtmpv.mp4
jyoxdvxpza.mp4,dfdc_train_part_02,0,REAL,jyoxdvxpza.mp4
xyrslykzlj.mp4,dfdc_train_part_02,1,FAKE,jyoxdvxpza.mp4
kbulxcnrhd.mp4,dfdc_train_part_02,0,REAL,kbulxcnrhd.mp4
eywdmustbb.mp4,dfdc_train_part_02,1,FAKE,kbulxcnrhd.mp4
enerzluejw.mp4,dfdc_train_part_02,1,FAKE,kbulxcnrhd.mp4
vmigrsncac.mp4,dfdc_train_part_02,1,FAKE,kbulxcnrhd.mp4
kezwvsxxzj.mp4,dfdc_train_part_02,0,REAL,kezwvsxxzj.mp4
cfmapbvctw.mp4,dfdc_train_part_02,1,FAKE,kezwvsxxzj.mp4
luugakcroo.mp4,dfdc_train_part_02,1,FAKE,kezwvsxxzj.mp4
yrtebwifno.mp4,dfdc_train_part_02,1,FAKE,kezwvsxxzj.mp4
mopqndishn.mp4,dfdc_train_part_02,1,FAKE,kezwvsxxzj.mp4
prtmksqbcv.mp4,dfdc_train_part_02,1,FAKE,kezwvsxxzj.mp4
kgdvgipvae.mp4,dfdc_train_part_02,0,REAL,kgdvgipvae.mp4
iygqtvkrwf.mp4,dfdc_train_part_02,1,FAKE,kgdvgipvae.mp4
euxcelftrj.mp4,dfdc_train_part_02,1,FAKE,kgdvgipvae.mp4
ipeujcomet.mp4,dfdc_train_part_02,1,FAKE,kgdvgipvae.mp4
kdhdcxbeti.mp4,dfdc_train_part_02,1,FAKE,kgdvgipvae.mp4
pdbxexfbgp.mp4,dfdc_train_part_02,1,FAKE,kgdvgipvae.mp4
kkbznuwipg.mp4,dfdc_train_part_02,0,REAL,kkbznuwipg.mp4
olurfjfbcf.mp4,dfdc_train_part_02,1,FAKE,kkbznuwipg.mp4
gxdzpuxjlg.mp4,dfdc_train_part_02,1,FAKE,kkbznuwipg.mp4
lbigytrrtr.mp4,dfdc_train_part_02,0,REAL,lbigytrrtr.mp4
olqctxmttw.mp4,dfdc_train_part_02,1,FAKE,lbigytrrtr.mp4
xwotyajtkq.mp4,dfdc_train_part_02,1,FAKE,lbigytrrtr.mp4
ljouzjaqqe.mp4,dfdc_train_part_02,0,REAL,ljouzjaqqe.mp4
nvxgxrvjww.mp4,dfdc_train_part_02,1,FAKE,ljouzjaqqe.mp4
loxagpgfei.mp4,dfdc_train_part_02,0,REAL,loxagpgfei.mp4
upajgpnybr.mp4,dfdc_train_part_02,1,FAKE,loxagpgfei.mp4
lbawmmqveg.mp4,dfdc_train_part_02,1,FAKE,loxagpgfei.mp4
ladpdxhyeu.mp4,dfdc_train_part_02,1,FAKE,loxagpgfei.mp4
vqvkxnleku.mp4,dfdc_train_part_02,1,FAKE,loxagpgfei.mp4
esoidwhxwo.mp4,dfdc_train_part_02,1,FAKE,loxagpgfei.mp4
mdgbfnyoys.mp4,dfdc_train_part_02,0,REAL,mdgbfnyoys.mp4
sropxiectt.mp4,dfdc_train_part_02,1,FAKE,mdgbfnyoys.mp4
bppvyenwri.mp4,dfdc_train_part_02,1,FAKE,mdgbfnyoys.mp4
srdrsrbfzj.mp4,dfdc_train_part_02,1,FAKE,mdgbfnyoys.mp4
yhoylflxjo.mp4,dfdc_train_part_02,1,FAKE,mdgbfnyoys.mp4
mkmgcxaztt.mp4,dfdc_train_part_02,0,REAL,mkmgcxaztt.mp4
krbdxferiy.mp4,dfdc_train_part_02,1,FAKE,mkmgcxaztt.mp4
mohiqoogpb.mp4,dfdc_train_part_02,0,REAL,mohiqoogpb.mp4
mbarbaitxt.mp4,dfdc_train_part_02,1,FAKE,mohiqoogpb.mp4
gbyttktwdg.mp4,dfdc_train_part_02,1,FAKE,mohiqoogpb.mp4
xfdqklwidy.mp4,dfdc_train_part_02,1,FAKE,mohiqoogpb.mp4
xzvvegmzjn.mp4,dfdc_train_part_02,1,FAKE,mohiqoogpb.mp4
qxondxofry.mp4,dfdc_train_part_02,1,FAKE,mohiqoogpb.mp4
mttjelpgma.mp4,dfdc_train_part_02,0,REAL,mttjelpgma.mp4
xxtasqbooh.mp4,dfdc_train_part_02,1,FAKE,mttjelpgma.mp4
uwxvvywkfo.mp4,dfdc_train_part_02,1,FAKE,mttjelpgma.mp4
yjnnqduuvg.mp4,dfdc_train_part_02,1,FAKE,mttjelpgma.mp4
twuncucpuc.mp4,dfdc_train_part_02,1,FAKE,mttjelpgma.mp4
loezszktwx.mp4,dfdc_train_part_02,1,FAKE,mttjelpgma.mp4
mueekicuyv.mp4,dfdc_train_part_02,0,REAL,mueekicuyv.mp4
gfyrsyoruy.mp4,dfdc_train_part_02,1,FAKE,mueekicuyv.mp4
ojyazraovz.mp4,dfdc_train_part_02,1,FAKE,mueekicuyv.mp4
iczkbkwwuu.mp4,dfdc_train_part_02,1,FAKE,mueekicuyv.mp4
bmdrytwxjp.mp4,dfdc_train_part_02,1,FAKE,mueekicuyv.mp4
pomtnbjmsu.mp4,dfdc_train_part_02,1,FAKE,mueekicuyv.mp4
mwnibuujwz.mp4,dfdc_train_part_02,0,REAL,mwnibuujwz.mp4
mbqpmbgxve.mp4,dfdc_train_part_02,1,FAKE,mwnibuujwz.mp4
mwxecbuidu.mp4,dfdc_train_part_02,0,REAL,mwxecbuidu.mp4
rqgdchivrl.mp4,dfdc_train_part_02,1,FAKE,mwxecbuidu.mp4
mxlipjhmqk.mp4,dfdc_train_part_02,0,REAL,mxlipjhmqk.mp4
tpxpejlgev.mp4,dfdc_train_part_02,1,FAKE,mxlipjhmqk.mp4
nawtezpgnm.mp4,dfdc_train_part_02,0,REAL,nawtezpgnm.mp4
crawadrnaa.mp4,dfdc_train_part_02,1,FAKE,nawtezpgnm.mp4
csrymqydbk.mp4,dfdc_train_part_02,1,FAKE,nawtezpgnm.mp4
wukbidwwhd.mp4,dfdc_train_part_02,1,FAKE,nawtezpgnm.mp4
jgpsgbqyop.mp4,dfdc_train_part_02,1,FAKE,nawtezpgnm.mp4
xndeknnxbi.mp4,dfdc_train_part_02,1,FAKE,nawtezpgnm.mp4
ncmpqwmnzb.mp4,dfdc_train_part_02,0,REAL,ncmpqwmnzb.mp4
lbywhswpgc.mp4,dfdc_train_part_02,1,FAKE,ncmpqwmnzb.mp4
ndxodmkaia.mp4,dfdc_train_part_02,0,REAL,ndxodmkaia.mp4
syomlwoate.mp4,dfdc_train_part_02,1,FAKE,ndxodmkaia.mp4
novarhxpbj.mp4,dfdc_train_part_02,0,REAL,novarhxpbj.mp4
skcamtycoz.mp4,dfdc_train_part_02,1,FAKE,novarhxpbj.mp4
ynbspbggvc.mp4,dfdc_train_part_02,1,FAKE,novarhxpbj.mp4
sqprxjgzlr.mp4,dfdc_train_part_02,1,FAKE,novarhxpbj.mp4
plkbyavvqp.mp4,dfdc_train_part_02,1,FAKE,novarhxpbj.mp4
trxdejolnf.mp4,dfdc_train_part_02,1,FAKE,novarhxpbj.mp4
nsrbvbkpfr.mp4,dfdc_train_part_02,0,REAL,nsrbvbkpfr.mp4
enwdngjood.mp4,dfdc_train_part_02,1,FAKE,nsrbvbkpfr.mp4
nthpnwylxo.mp4,dfdc_train_part_02,0,REAL,nthpnwylxo.mp4
xphdfgmfmz.mp4,dfdc_train_part_02,1,FAKE,nthpnwylxo.mp4
bfibrgtvjc.mp4,dfdc_train_part_02,1,FAKE,nthpnwylxo.mp4
rvyoztwigc.mp4,dfdc_train_part_02,1,FAKE,nthpnwylxo.mp4
bkmtxhrlsl.mp4,dfdc_train_part_02,1,FAKE,nthpnwylxo.mp4
ogaqkbajxk.mp4,dfdc_train_part_02,1,FAKE,nthpnwylxo.mp4
nwvsbmyndn.mp4,dfdc_train_part_02,0,REAL,nwvsbmyndn.mp4
quvseyayds.mp4,dfdc_train_part_02,1,FAKE,nwvsbmyndn.mp4
rkkqkxkggn.mp4,dfdc_train_part_02,1,FAKE,nwvsbmyndn.mp4
gijeixtykp.mp4,dfdc_train_part_02,1,FAKE,nwvsbmyndn.mp4
hspdmdjzod.mp4,dfdc_train_part_02,1,FAKE,nwvsbmyndn.mp4
mrycmawtce.mp4,dfdc_train_part_02,1,FAKE,nwvsbmyndn.mp4
nxnmkytwze.mp4,dfdc_train_part_02,0,REAL,nxnmkytwze.mp4
cwhoszpfek.mp4,dfdc_train_part_02,1,FAKE,nxnmkytwze.mp4
nyyrcevhrc.mp4,dfdc_train_part_02,0,REAL,nyyrcevhrc.mp4
gnbaqomlin.mp4,dfdc_train_part_02,1,FAKE,nyyrcevhrc.mp4
nzqtvipnoc.mp4,dfdc_train_part_02,0,REAL,nzqtvipnoc.mp4
nxabngwifq.mp4,dfdc_train_part_02,1,FAKE,nzqtvipnoc.mp4
ocgdbrgmtq.mp4,dfdc_train_part_02,0,REAL,ocgdbrgmtq.mp4
iznnzjvaxc.mp4,dfdc_train_part_02,1,FAKE,ocgdbrgmtq.mp4
pegeauyezt.mp4,dfdc_train_part_02,1,FAKE,ocgdbrgmtq.mp4
chhjdmutms.mp4,dfdc_train_part_02,1,FAKE,ocgdbrgmtq.mp4
vpsyeajimn.mp4,dfdc_train_part_02,1,FAKE,ocgdbrgmtq.mp4
vvzmcirvmr.mp4,dfdc_train_part_02,1,FAKE,ocgdbrgmtq.mp4
oefukgnvel.mp4,dfdc_train_part_02,0,REAL,oefukgnvel.mp4
iuvfvfzxeh.mp4,dfdc_train_part_02,1,FAKE,oefukgnvel.mp4
ogghhskfdr.mp4,dfdc_train_part_02,0,REAL,ogghhskfdr.mp4
xvpyayjsmf.mp4,dfdc_train_part_02,1,FAKE,ogghhskfdr.mp4
ojbnddjuzy.mp4,dfdc_train_part_02,0,REAL,ojbnddjuzy.mp4
nctssvaeda.mp4,dfdc_train_part_02,1,FAKE,ojbnddjuzy.mp4
ivtgygzijt.mp4,dfdc_train_part_02,1,FAKE,ojbnddjuzy.mp4
xrbomeyefg.mp4,dfdc_train_part_02,1,FAKE,ojbnddjuzy.mp4
ccbfcnkwxa.mp4,dfdc_train_part_02,1,FAKE,ojbnddjuzy.mp4
wruglpwldh.mp4,dfdc_train_part_02,1,FAKE,ojbnddjuzy.mp4
omphqltjdd.mp4,dfdc_train_part_02,0,REAL,omphqltjdd.mp4
ptsoeirkem.mp4,dfdc_train_part_02,1,FAKE,omphqltjdd.mp4
mxahsihabr.mp4,dfdc_train_part_02,1,FAKE,omphqltjdd.mp4
phvpywaday.mp4,dfdc_train_part_02,1,FAKE,omphqltjdd.mp4
xjekugqeho.mp4,dfdc_train_part_02,1,FAKE,omphqltjdd.mp4
jfmmvfpudw.mp4,dfdc_train_part_02,1,FAKE,omphqltjdd.mp4
onanqtsdjk.mp4,dfdc_train_part_02,0,REAL,onanqtsdjk.mp4
ouopeunsmf.mp4,dfdc_train_part_02,1,FAKE,onanqtsdjk.mp4
esmqxszybs.mp4,dfdc_train_part_02,1,FAKE,onanqtsdjk.mp4
oobeaklccb.mp4,dfdc_train_part_02,0,REAL,oobeaklccb.mp4
tasfvqdjjj.mp4,dfdc_train_part_02,1,FAKE,oobeaklccb.mp4
yeuniqcsae.mp4,dfdc_train_part_02,1,FAKE,oobeaklccb.mp4
aqcqygyoae.mp4,dfdc_train_part_02,1,FAKE,oobeaklccb.mp4
arcviozhqq.mp4,dfdc_train_part_02,1,FAKE,oobeaklccb.mp4
dktpniyvec.mp4,dfdc_train_part_02,1,FAKE,oobeaklccb.mp4
oocincvedt.mp4,dfdc_train_part_02,0,REAL,oocincvedt.mp4
upfgdyshre.mp4,dfdc_train_part_02,1,FAKE,oocincvedt.mp4
oojxonbgow.mp4,dfdc_train_part_02,0,REAL,oojxonbgow.mp4
npsotexafg.mp4,dfdc_train_part_02,1,FAKE,oojxonbgow.mp4
xiutydegfu.mp4,dfdc_train_part_02,1,FAKE,oojxonbgow.mp4
oovzfmploa.mp4,dfdc_train_part_02,0,REAL,oovzfmploa.mp4
mbqctmgdhl.mp4,dfdc_train_part_02,1,FAKE,oovzfmploa.mp4
orkccpsdba.mp4,dfdc_train_part_02,0,REAL,orkccpsdba.mp4
ohxzmopbvc.mp4,dfdc_train_part_02,1,FAKE,orkccpsdba.mp4
pcoxcmtroa.mp4,dfdc_train_part_02,0,REAL,pcoxcmtroa.mp4
oguqwtfjlx.mp4,dfdc_train_part_02,1,FAKE,pcoxcmtroa.mp4
mesmxqitcl.mp4,dfdc_train_part_02,1,FAKE,pcoxcmtroa.mp4
enxrusfqzc.mp4,dfdc_train_part_02,1,FAKE,pcoxcmtroa.mp4
wehlixqebk.mp4,dfdc_train_part_02,1,FAKE,pcoxcmtroa.mp4
fckrovmlsc.mp4,dfdc_train_part_02,1,FAKE,pcoxcmtroa.mp4
pdswwyyntw.mp4,dfdc_train_part_02,0,REAL,pdswwyyntw.mp4
jowxvukjyo.mp4,dfdc_train_part_02,1,FAKE,pdswwyyntw.mp4
phjvutxpoi.mp4,dfdc_train_part_02,0,REAL,phjvutxpoi.mp4
cmliuimutv.mp4,dfdc_train_part_02,1,FAKE,phjvutxpoi.mp4
xtsvrqyzdv.mp4,dfdc_train_part_02,1,FAKE,phjvutxpoi.mp4
xaxuewagud.mp4,dfdc_train_part_02,1,FAKE,phjvutxpoi.mp4
zzaoxzcddu.mp4,dfdc_train_part_02,1,FAKE,phjvutxpoi.mp4
lgjtuooxmu.mp4,dfdc_train_part_02,1,FAKE,phjvutxpoi.mp4
phvzvwsxtx.mp4,dfdc_train_part_02,0,REAL,phvzvwsxtx.mp4
ocguwrotdy.mp4,dfdc_train_part_02,1,FAKE,phvzvwsxtx.mp4
prwsfljdjo.mp4,dfdc_train_part_02,0,REAL,prwsfljdjo.mp4
pcvpkdmppy.mp4,dfdc_train_part_02,1,FAKE,prwsfljdjo.mp4
pxcfrszlgi.mp4,dfdc_train_part_02,0,REAL,pxcfrszlgi.mp4
zzaiypxdnt.mp4,dfdc_train_part_02,1,FAKE,pxcfrszlgi.mp4
cmmoeaeftx.mp4,dfdc_train_part_02,1,FAKE,pxcfrszlgi.mp4
ybvefuzbmr.mp4,dfdc_train_part_02,1,FAKE,pxcfrszlgi.mp4
unmpiwboha.mp4,dfdc_train_part_02,1,FAKE,pxcfrszlgi.mp4
weueykzwsc.mp4,dfdc_train_part_02,1,FAKE,pxcfrszlgi.mp4
pxjkzvqomp.mp4,dfdc_train_part_02,0,REAL,pxjkzvqomp.mp4
wyfckvawpg.mp4,dfdc_train_part_02,1,FAKE,pxjkzvqomp.mp4
pzdsiytket.mp4,dfdc_train_part_02,0,REAL,pzdsiytket.mp4
hqczhhssie.mp4,dfdc_train_part_02,1,FAKE,pzdsiytket.mp4
qclpbcbgeq.mp4,dfdc_train_part_02,0,REAL,qclpbcbgeq.mp4
fqsakjdayc.mp4,dfdc_train_part_02,1,FAKE,qclpbcbgeq.mp4
hsyjbopvdt.mp4,dfdc_train_part_02,1,FAKE,qclpbcbgeq.mp4
runqzmfxhs.mp4,dfdc_train_part_02,1,FAKE,qclpbcbgeq.mp4
jmwrfurpcp.mp4,dfdc_train_part_02,1,FAKE,qclpbcbgeq.mp4
esjnbixlal.mp4,dfdc_train_part_02,1,FAKE,qclpbcbgeq.mp4
qcsfyfuibd.mp4,dfdc_train_part_02,0,REAL,qcsfyfuibd.mp4
cebcmahlap.mp4,dfdc_train_part_02,1,FAKE,qcsfyfuibd.mp4
meksaaboua.mp4,dfdc_train_part_02,1,FAKE,qcsfyfuibd.mp4
qhkzlnzruj.mp4,dfdc_train_part_02,0,REAL,qhkzlnzruj.mp4
mshernruud.mp4,dfdc_train_part_02,1,FAKE,qhkzlnzruj.mp4
qiyzfjrloz.mp4,dfdc_train_part_02,0,REAL,qiyzfjrloz.mp4
vxvdmmcyzl.mp4,dfdc_train_part_02,1,FAKE,qiyzfjrloz.mp4
zyxrpvarcw.mp4,dfdc_train_part_02,1,FAKE,qiyzfjrloz.mp4
hxuklgnuhr.mp4,dfdc_train_part_02,1,FAKE,qiyzfjrloz.mp4
kkgggmtlct.mp4,dfdc_train_part_02,1,FAKE,qiyzfjrloz.mp4
rqmhdpwpxp.mp4,dfdc_train_part_02,1,FAKE,qiyzfjrloz.mp4
qjeovxqskj.mp4,dfdc_train_part_02,0,REAL,qjeovxqskj.mp4
cmgybxlatl.mp4,dfdc_train_part_02,1,FAKE,qjeovxqskj.mp4
tzoiwglzin.mp4,dfdc_train_part_02,1,FAKE,qjeovxqskj.mp4
uvkamblolg.mp4,dfdc_train_part_02,1,FAKE,qjeovxqskj.mp4
tzbglleskg.mp4,dfdc_train_part_02,1,FAKE,qjeovxqskj.mp4
qknnpddobj.mp4,dfdc_train_part_02,0,REAL,qknnpddobj.mp4
ibvomadohg.mp4,dfdc_train_part_02,1,FAKE,qknnpddobj.mp4
qqnlrngaft.mp4,dfdc_train_part_02,0,REAL,qqnlrngaft.mp4
nwwvbgkbgc.mp4,dfdc_train_part_02,1,FAKE,qqnlrngaft.mp4
qswlzfgcgj.mp4,dfdc_train_part_02,0,REAL,qswlzfgcgj.mp4
wuhsetsmba.mp4,dfdc_train_part_02,1,FAKE,qswlzfgcgj.mp4
wkwjypymey.mp4,dfdc_train_part_02,1,FAKE,qswlzfgcgj.mp4
lmvgprgmlh.mp4,dfdc_train_part_02,1,FAKE,qswlzfgcgj.mp4
puifrhvwij.mp4,dfdc_train_part_02,1,FAKE,qswlzfgcgj.mp4
zzaifosmuw.mp4,dfdc_train_part_02,1,FAKE,qswlzfgcgj.mp4
qxmvgpsbpg.mp4,dfdc_train_part_02,0,REAL,qxmvgpsbpg.mp4
lbjdjmcnoz.mp4,dfdc_train_part_02,1,FAKE,qxmvgpsbpg.mp4
jmoltzkhax.mp4,dfdc_train_part_02,1,FAKE,qxmvgpsbpg.mp4
bsxuigrkhw.mp4,dfdc_train_part_02,1,FAKE,qxmvgpsbpg.mp4
dyjfkbskab.mp4,dfdc_train_part_02,1,FAKE,qxmvgpsbpg.mp4
bakuscluwn.mp4,dfdc_train_part_02,1,FAKE,qxmvgpsbpg.mp4
qxzuuzvpmg.mp4,dfdc_train_part_02,0,REAL,qxzuuzvpmg.mp4
murqgmxknx.mp4,dfdc_train_part_02,1,FAKE,qxzuuzvpmg.mp4
axlbzcbfzt.mp4,dfdc_train_part_02,1,FAKE,qxzuuzvpmg.mp4
tukwtgucft.mp4,dfdc_train_part_02,1,FAKE,qxzuuzvpmg.mp4
rmvbrxpjwn.mp4,dfdc_train_part_02,1,FAKE,qxzuuzvpmg.mp4
khdsluivuv.mp4,dfdc_train_part_02,1,FAKE,qxzuuzvpmg.mp4
rayekvigxv.mp4,dfdc_train_part_02,0,REAL,rayekvigxv.mp4
xhqvlmevuo.mp4,dfdc_train_part_02,1,FAKE,rayekvigxv.mp4
jtteetuqtt.mp4,dfdc_train_part_02,1,FAKE,rayekvigxv.mp4
aljaxpxbld.mp4,dfdc_train_part_02,1,FAKE,rayekvigxv.mp4
pnsdkpufyb.mp4,dfdc_train_part_02,1,FAKE,rayekvigxv.mp4
meqdihrbbi.mp4,dfdc_train_part_02,1,FAKE,rayekvigxv.mp4
rfukeoxpqu.mp4,dfdc_train_part_02,0,REAL,rfukeoxpqu.mp4
xwpcgrdpqy.mp4,dfdc_train_part_02,1,FAKE,rfukeoxpqu.mp4
bbaeewtqei.mp4,dfdc_train_part_02,1,FAKE,rfukeoxpqu.mp4
rlqbowounu.mp4,dfdc_train_part_02,0,REAL,rlqbowounu.mp4
imdmhwkkni.mp4,dfdc_train_part_02,1,FAKE,rlqbowounu.mp4
rmlzgerevr.mp4,dfdc_train_part_02,0,REAL,rmlzgerevr.mp4
wmltghyhfh.mp4,dfdc_train_part_02,1,FAKE,rmlzgerevr.mp4
rrsczkvqso.mp4,dfdc_train_part_02,0,REAL,rrsczkvqso.mp4
snhqpfqbsf.mp4,dfdc_train_part_02,1,FAKE,rrsczkvqso.mp4
idfpkfirul.mp4,dfdc_train_part_02,1,FAKE,rrsczkvqso.mp4
rrwdacnzcd.mp4,dfdc_train_part_02,0,REAL,rrwdacnzcd.mp4
goyfxbztgl.mp4,dfdc_train_part_02,1,FAKE,rrwdacnzcd.mp4
ezsfifpetq.mp4,dfdc_train_part_02,1,FAKE,rrwdacnzcd.mp4
bohdrbkdgk.mp4,dfdc_train_part_02,1,FAKE,rrwdacnzcd.mp4
hqzmuisipr.mp4,dfdc_train_part_02,1,FAKE,rrwdacnzcd.mp4
xgbrtjtiuy.mp4,dfdc_train_part_02,1,FAKE,rrwdacnzcd.mp4
rukyxomwcx.mp4,dfdc_train_part_02,0,REAL,rukyxomwcx.mp4
czifmcopho.mp4,dfdc_train_part_02,1,FAKE,rukyxomwcx.mp4
rxdoimqble.mp4,dfdc_train_part_02,0,REAL,rxdoimqble.mp4
rcgccchtvn.mp4,dfdc_train_part_02,1,FAKE,rxdoimqble.mp4
rzljiqidhj.mp4,dfdc_train_part_02,0,REAL,rzljiqidhj.mp4
fazxlgrnot.mp4,dfdc_train_part_02,1,FAKE,rzljiqidhj.mp4
sfqwnoixtm.mp4,dfdc_train_part_02,0,REAL,sfqwnoixtm.mp4
lptongiurm.mp4,dfdc_train_part_02,1,FAKE,sfqwnoixtm.mp4
sodvtfqbpf.mp4,dfdc_train_part_02,0,REAL,sodvtfqbpf.mp4
smeubiwvsa.mp4,dfdc_train_part_02,1,FAKE,sodvtfqbpf.mp4
pabtvtqbpz.mp4,dfdc_train_part_02,1,FAKE,sodvtfqbpf.mp4
qjhlsrombu.mp4,dfdc_train_part_02,1,FAKE,sodvtfqbpf.mp4
sxryoeigag.mp4,dfdc_train_part_02,0,REAL,sxryoeigag.mp4
cjbejshqep.mp4,dfdc_train_part_02,1,FAKE,sxryoeigag.mp4
xswdwufkyy.mp4,dfdc_train_part_02,1,FAKE,sxryoeigag.mp4
mxpqyayjka.mp4,dfdc_train_part_02,1,FAKE,sxryoeigag.mp4
sznkemeqro.mp4,dfdc_train_part_02,0,REAL,sznkemeqro.mp4
kthmgbrozc.mp4,dfdc_train_part_02,1,FAKE,sznkemeqro.mp4
inzwsvpsah.mp4,dfdc_train_part_02,1,FAKE,sznkemeqro.mp4
pppywrdngk.mp4,dfdc_train_part_02,1,FAKE,sznkemeqro.mp4
zycouhitte.mp4,dfdc_train_part_02,1,FAKE,sznkemeqro.mp4
ifyvrzecye.mp4,dfdc_train_part_02,1,FAKE,sznkemeqro.mp4
tejfudfgpq.mp4,dfdc_train_part_02,0,REAL,tejfudfgpq.mp4
oohcodnooj.mp4,dfdc_train_part_02,1,FAKE,tejfudfgpq.mp4
vbhsyoigsu.mp4,dfdc_train_part_02,1,FAKE,tejfudfgpq.mp4
sleblmpnkx.mp4,dfdc_train_part_02,1,FAKE,tejfudfgpq.mp4
yndzvnxazv.mp4,dfdc_train_part_02,1,FAKE,tejfudfgpq.mp4
skwgkomhwg.mp4,dfdc_train_part_02,1,FAKE,tejfudfgpq.mp4
tgawasvbbr.mp4,dfdc_train_part_02,0,REAL,tgawasvbbr.mp4
xzbkneczno.mp4,dfdc_train_part_02,1,FAKE,tgawasvbbr.mp4
tomunwedej.mp4,dfdc_train_part_02,0,REAL,tomunwedej.mp4
yxadevzohx.mp4,dfdc_train_part_02,1,FAKE,tomunwedej.mp4
torjqecxjw.mp4,dfdc_train_part_02,0,REAL,torjqecxjw.mp4
fmnhbcghcx.mp4,dfdc_train_part_02,1,FAKE,torjqecxjw.mp4
nlxyfrchud.mp4,dfdc_train_part_02,1,FAKE,torjqecxjw.mp4
maczkptqhf.mp4,dfdc_train_part_02,1,FAKE,torjqecxjw.mp4
nxhbxtqhtb.mp4,dfdc_train_part_02,1,FAKE,torjqecxjw.mp4
bnnpurjrvu.mp4,dfdc_train_part_02,1,FAKE,torjqecxjw.mp4
tsswxgwnta.mp4,dfdc_train_part_02,0,REAL,tsswxgwnta.mp4
eiqkzdpmun.mp4,dfdc_train_part_02,1,FAKE,tsswxgwnta.mp4
yyfdhmrfgg.mp4,dfdc_train_part_02,1,FAKE,tsswxgwnta.mp4
pkxaznzjhl.mp4,dfdc_train_part_02,1,FAKE,tsswxgwnta.mp4
lvkvmojpal.mp4,dfdc_train_part_02,1,FAKE,tsswxgwnta.mp4
qoaxnacjgl.mp4,dfdc_train_part_02,1,FAKE,tsswxgwnta.mp4
txnmkabufs.mp4,dfdc_train_part_02,0,REAL,txnmkabufs.mp4
jlluezfnyr.mp4,dfdc_train_part_02,1,FAKE,txnmkabufs.mp4
kowgqrymzs.mp4,dfdc_train_part_02,1,FAKE,txnmkabufs.mp4
tyjpjpglgx.mp4,dfdc_train_part_02,0,REAL,tyjpjpglgx.mp4
qpvgdzncxe.mp4,dfdc_train_part_02,1,FAKE,tyjpjpglgx.mp4
hxdggdclkc.mp4,dfdc_train_part_02,1,FAKE,tyjpjpglgx.mp4
dsbrnbihpn.mp4,dfdc_train_part_02,1,FAKE,tyjpjpglgx.mp4
tzmithsdcj.mp4,dfdc_train_part_02,0,REAL,tzmithsdcj.mp4
jikxnnhscb.mp4,dfdc_train_part_02,1,FAKE,tzmithsdcj.mp4
uayzvvmhjr.mp4,dfdc_train_part_02,0,REAL,uayzvvmhjr.mp4
oqwpakepin.mp4,dfdc_train_part_02,1,FAKE,uayzvvmhjr.mp4
uazbhwyysx.mp4,dfdc_train_part_02,0,REAL,uazbhwyysx.mp4
anuzdiqqnq.mp4,dfdc_train_part_02,1,FAKE,uazbhwyysx.mp4
azrnasfxsw.mp4,dfdc_train_part_02,1,FAKE,uazbhwyysx.mp4
ykozgmxgir.mp4,dfdc_train_part_02,1,FAKE,uazbhwyysx.mp4
qxyrtwozyw.mp4,dfdc_train_part_02,1,FAKE,uazbhwyysx.mp4
izrevxyfet.mp4,dfdc_train_part_02,1,FAKE,uazbhwyysx.mp4
ugrlhuxwkw.mp4,dfdc_train_part_02,0,REAL,ugrlhuxwkw.mp4
gxwmwjmyxr.mp4,dfdc_train_part_02,1,FAKE,ugrlhuxwkw.mp4
uhrqlmlclw.mp4,dfdc_train_part_02,0,REAL,uhrqlmlclw.mp4
jsksmezfth.mp4,dfdc_train_part_02,1,FAKE,uhrqlmlclw.mp4
uqguyibemu.mp4,dfdc_train_part_02,0,REAL,uqguyibemu.mp4
dohidzgzqj.mp4,dfdc_train_part_02,1,FAKE,uqguyibemu.mp4
uulabkvfns.mp4,dfdc_train_part_02,0,REAL,uulabkvfns.mp4
nimjvlvgfj.mp4,dfdc_train_part_02,1,FAKE,uulabkvfns.mp4
bstbbiefie.mp4,dfdc_train_part_02,1,FAKE,uulabkvfns.mp4
uuqrzdhjuh.mp4,dfdc_train_part_02,0,REAL,uuqrzdhjuh.mp4
rcejkynepf.mp4,dfdc_train_part_02,1,FAKE,uuqrzdhjuh.mp4
vbfjlcuswe.mp4,dfdc_train_part_02,0,REAL,vbfjlcuswe.mp4
jlmmslbing.mp4,dfdc_train_part_02,1,FAKE,vbfjlcuswe.mp4
vcwxdwngnq.mp4,dfdc_train_part_02,0,REAL,vcwxdwngnq.mp4
vqqvveifjn.mp4,dfdc_train_part_02,1,FAKE,vcwxdwngnq.mp4
vnlzxqwthl.mp4,dfdc_train_part_02,0,REAL,vnlzxqwthl.mp4
zzgtjnoyoo.mp4,dfdc_train_part_02,1,FAKE,vnlzxqwthl.mp4
whurggewea.mp4,dfdc_train_part_02,0,REAL,whurggewea.mp4
vlmllzbcbe.mp4,dfdc_train_part_02,1,FAKE,whurggewea.mp4
niptrdsfjq.mp4,dfdc_train_part_02,1,FAKE,whurggewea.mp4
aahsnkchkz.mp4,dfdc_train_part_02,1,FAKE,whurggewea.mp4
wilyayimlj.mp4,dfdc_train_part_02,0,REAL,wilyayimlj.mp4
kxnfqjansf.mp4,dfdc_train_part_02,1,FAKE,wilyayimlj.mp4
fiavrtgzkk.mp4,dfdc_train_part_02,1,FAKE,wilyayimlj.mp4
jhnjkjvwgd.mp4,dfdc_train_part_02,1,FAKE,wilyayimlj.mp4
pyriecynrt.mp4,dfdc_train_part_02,1,FAKE,wilyayimlj.mp4
tutiwwsydm.mp4,dfdc_train_part_02,1,FAKE,wilyayimlj.mp4
wixujncvee.mp4,dfdc_train_part_02,0,REAL,wixujncvee.mp4
sxxwfcobji.mp4,dfdc_train_part_02,1,FAKE,wixujncvee.mp4
robdthvplg.mp4,dfdc_train_part_02,1,FAKE,wixujncvee.mp4
keowcpkxdg.mp4,dfdc_train_part_02,1,FAKE,wixujncvee.mp4
pfopkowwfo.mp4,dfdc_train_part_02,1,FAKE,wixujncvee.mp4
uwvlwwkbow.mp4,dfdc_train_part_02,1,FAKE,wixujncvee.mp4
wjhpisoeaj.mp4,dfdc_train_part_02,0,REAL,wjhpisoeaj.mp4
mtzvnmxgqj.mp4,dfdc_train_part_02,1,FAKE,wjhpisoeaj.mp4
wqysrieiqu.mp4,dfdc_train_part_02,0,REAL,wqysrieiqu.mp4
gyxeyzdwqf.mp4,dfdc_train_part_02,1,FAKE,wqysrieiqu.mp4
mkajkmnnbd.mp4,dfdc_train_part_02,1,FAKE,wqysrieiqu.mp4
dweqqukuhk.mp4,dfdc_train_part_02,1,FAKE,wqysrieiqu.mp4
bjhlloopdo.mp4,dfdc_train_part_02,1,FAKE,wqysrieiqu.mp4
weskrryixa.mp4,dfdc_train_part_02,1,FAKE,wqysrieiqu.mp4
xemhvuvgrn.mp4,dfdc_train_part_02,0,REAL,xemhvuvgrn.mp4
wufsogqfhx.mp4,dfdc_train_part_02,1,FAKE,xemhvuvgrn.mp4
xezkldtvhk.mp4,dfdc_train_part_02,0,REAL,xezkldtvhk.mp4
nioeronoih.mp4,dfdc_train_part_02,1,FAKE,xezkldtvhk.mp4
rytusspynn.mp4,dfdc_train_part_02,1,FAKE,xezkldtvhk.mp4
xzkikmghps.mp4,dfdc_train_part_02,0,REAL,xzkikmghps.mp4
wtfqzzrxmx.mp4,dfdc_train_part_02,1,FAKE,xzkikmghps.mp4
qgssjxqkez.mp4,dfdc_train_part_02,1,FAKE,xzkikmghps.mp4
dkphahwdrr.mp4,dfdc_train_part_02,1,FAKE,xzkikmghps.mp4
agziimvuqi.mp4,dfdc_train_part_02,1,FAKE,xzkikmghps.mp4
vplltjclog.mp4,dfdc_train_part_02,1,FAKE,xzkikmghps.mp4
yhjlnisfel.mp4,dfdc_train_part_02,0,REAL,yhjlnisfel.mp4
mskuywhlfh.mp4,dfdc_train_part_02,1,FAKE,yhjlnisfel.mp4
hvmzimtrdq.mp4,dfdc_train_part_02,1,FAKE,yhjlnisfel.mp4
yyacdikwrg.mp4,dfdc_train_part_02,1,FAKE,yhjlnisfel.mp4
yiykshcbaz.mp4,dfdc_train_part_02,0,REAL,yiykshcbaz.mp4
accuranbpc.mp4,dfdc_train_part_02,1,FAKE,yiykshcbaz.mp4
bbyosyhxzo.mp4,dfdc_train_part_02,1,FAKE,yiykshcbaz.mp4
gippiwzoqp.mp4,dfdc_train_part_02,1,FAKE,yiykshcbaz.mp4
cxqucbhale.mp4,dfdc_train_part_02,1,FAKE,yiykshcbaz.mp4
vuxrjngncf.mp4,dfdc_train_part_02,1,FAKE,yiykshcbaz.mp4
ylxwcwhjjd.mp4,dfdc_train_part_02,0,REAL,ylxwcwhjjd.mp4
wdvmvtxtea.mp4,dfdc_train_part_02,1,FAKE,ylxwcwhjjd.mp4
wzsfoifswy.mp4,dfdc_train_part_02,1,FAKE,ylxwcwhjjd.mp4
gdrnynsdlj.mp4,dfdc_train_part_02,1,FAKE,ylxwcwhjjd.mp4
jtfcivmkts.mp4,dfdc_train_part_02,1,FAKE,ylxwcwhjjd.mp4
cdkmzuoeqi.mp4,dfdc_train_part_02,1,FAKE,ylxwcwhjjd.mp4
ypgayhhaxx.mp4,dfdc_train_part_02,0,REAL,ypgayhhaxx.mp4
gmgzufywqd.mp4,dfdc_train_part_02,1,FAKE,ypgayhhaxx.mp4
oambyopbqc.mp4,dfdc_train_part_02,1,FAKE,ypgayhhaxx.mp4
abzamapbpi.mp4,dfdc_train_part_02,1,FAKE,ypgayhhaxx.mp4
kxlehffktu.mp4,dfdc_train_part_02,1,FAKE,ypgayhhaxx.mp4
srpvgysqdx.mp4,dfdc_train_part_02,1,FAKE,ypgayhhaxx.mp4
yrxljghbmn.mp4,dfdc_train_part_02,0,REAL,yrxljghbmn.mp4
jirmulechj.mp4,dfdc_train_part_02,1,FAKE,yrxljghbmn.mp4
leymeqbzho.mp4,dfdc_train_part_02,1,FAKE,yrxljghbmn.mp4
xgcumxdjyg.mp4,dfdc_train_part_02,1,FAKE,yrxljghbmn.mp4
xtequyjssk.mp4,dfdc_train_part_02,1,FAKE,yrxljghbmn.mp4
qwltfyrlvl.mp4,dfdc_train_part_02,1,FAKE,yrxljghbmn.mp4
ystdtnetgj.mp4,dfdc_train_part_02,0,REAL,ystdtnetgj.mp4
rucctscaqp.mp4,dfdc_train_part_02,1,FAKE,ystdtnetgj.mp4
ywxpquomgt.mp4,dfdc_train_part_02,0,REAL,ywxpquomgt.mp4
ehkjdctavq.mp4,dfdc_train_part_02,1,FAKE,ywxpquomgt.mp4
zfnbkyefuh.mp4,dfdc_train_part_02,0,REAL,zfnbkyefuh.mp4
qqkyznondw.mp4,dfdc_train_part_02,1,FAKE,zfnbkyefuh.mp4
ziipxxchai.mp4,dfdc_train_part_02,0,REAL,ziipxxchai.mp4
uzhujugirn.mp4,dfdc_train_part_02,1,FAKE,ziipxxchai.mp4
wcpfmnysix.mp4,dfdc_train_part_02,1,FAKE,ziipxxchai.mp4
rsuzqyjrhm.mp4,dfdc_train_part_02,1,FAKE,ziipxxchai.mp4
ddkbgdbmud.mp4,dfdc_train_part_02,1,FAKE,ziipxxchai.mp4
hflhhnqajt.mp4,dfdc_train_part_02,1,FAKE,ziipxxchai.mp4
zmxeiipnqb.mp4,dfdc_train_part_02,0,REAL,zmxeiipnqb.mp4
nvlcncbghk.mp4,dfdc_train_part_02,1,FAKE,zmxeiipnqb.mp4
izqloinjwk.mp4,dfdc_train_part_02,1,FAKE,zmxeiipnqb.mp4
cpwjaveeeq.mp4,dfdc_train_part_02,1,FAKE,zmxeiipnqb.mp4
tvmnxkhbgw.mp4,dfdc_train_part_02,1,FAKE,zmxeiipnqb.mp4
uitojzobvp.mp4,dfdc_train_part_02,1,FAKE,zmxeiipnqb.mp4
ztyvglkcsf.mp4,dfdc_train_part_02,0,REAL,ztyvglkcsf.mp4
zabvfyouie.mp4,dfdc_train_part_02,1,FAKE,ztyvglkcsf.mp4
cwxjlssagj.mp4,dfdc_train_part_02,1,FAKE,ztyvglkcsf.mp4
ajxpaiqcee.mp4,dfdc_train_part_02,1,FAKE,ztyvglkcsf.mp4
gzsppugoek.mp4,dfdc_train_part_02,1,FAKE,ztyvglkcsf.mp4
cnqqljnnuc.mp4,dfdc_train_part_02,1,FAKE,ztyvglkcsf.mp4
zuwwbbusgl.mp4,dfdc_train_part_02,0,REAL,zuwwbbusgl.mp4
sevpubemdc.mp4,dfdc_train_part_02,1,FAKE,zuwwbbusgl.mp4
zzmgnglanj.mp4,dfdc_train_part_02,0,REAL,zzmgnglanj.mp4
tbtbhuncfm.mp4,dfdc_train_part_02,1,FAKE,zzmgnglanj.mp4
